STATION,STATION_NAME,DATE,CLDD,HTDD,DT90,DX32,DT00,DT32,DP01,DP05,DP10,EMXP,TPCP,EMXT,EMNT,MMXT,MMNT,MNTM
GHCND:USS0019L13S,VIRGINIA LAKES RIDGE CA US,19790101,-9999,-9999,-9999,-9999,-9999,-9999,13,4,2,381,1447,-9999,-9999,-9999,-9999,-9999
GHCND:USS0019L13S,VIRGINIA LAKES RIDGE CA US,19790201,-9999,-9999,-9999,-9999,-9999,-9999,14,4,2,533,1495,-9999,-9999,-9999,-9999,-9999
GHCND:USS0019L13S,VIRGINIA LAKES RIDGE CA US,19790301,-9999,-9999,-9999,-9999,-9999,-9999,11,3,1,330,1091,-9999,-9999,-9999,-9999,-9999
GHCND:USS0019L13S,VIRGINIA LAKES RIDGE CA US,19790401,-9999,-9999,-9999,-9999,-9999,-9999,4,0,0,102,280,-9999,-9999,-9999,-9999,-9999
GHCND:USS0019L13S,VIRGINIA LAKES RIDGE CA US,19790501,-9999,-9999,-9999,-9999,-9999,-9999,6,0,0,76,329,-9999,-9999,-9999,-9999,-9999
GHCND:USS0019L13S,VIRGINIA LAKES RIDGE CA US,19790601,-9999,-9999,-9999,-9999,-9999,-9999,1,0,0,25,25,-9999,-9999,-9999,-9999,-9999
GHCND:USS0019L13S,VIRGINIA LAKES RIDGE CA US,19790701,-9999,-9999,-9999,-9999,-9999,-9999,0,0,0,0,0,-9999,-9999,-9999,-9999,-9999
GHCND:USS0019L13S,VIRGINIA LAKES RIDGE CA US,19790801,-9999,-9999,-9999,-9999,-9999,-9999,5,0,0,102,305,-9999,-9999,-9999,-9999,-9999
GHCND:USS0019L13S,VIRGINIA LAKES RIDGE CA US,19790901,-9999,-9999,-9999,-9999,-9999,-9999,0,0,0,0,0,-9999,-9999,-9999,-9999,-9999
GHCND:USS0019L13S,VIRGINIA LAKES RIDGE CA US,19791001,-9999,-9999,-9999,-9999,-9999,-9999,3,1,1,305,432,-9999,-9999,-9999,-9999,-9999
GHCND:USS0019L13S,VIRGINIA LAKES RIDGE CA US,19791101,-9999,-9999,-9999,-9999,-9999,-9999,4,2,0,229,508,-9999,-9999,-9999,-9999,-9999
GHCND:USS0019L13S,VIRGINIA LAKES RIDGE CA US,19791201,-9999,-9999,-9999,-9999,-9999,-9999,7,2,2,610,1118,-9999,-9999,-9999,-9999,-9999
GHCND:USS0019L13S,VIRGINIA LAKES RIDGE CA US,19800101,-9999,-9999,-9999,-9999,-9999,-9999,12,7,5,635,2691,-9999,-9999,-9999,-9999,-9999
GHCND:USS0019L13S,VIRGINIA LAKES RIDGE CA US,19800201,-9999,-9999,-9999,-9999,-9999,-9999,11,7,3,686,2666,-9999,-9999,-9999,-9999,-9999
GHCND:USS0019L13S,VIRGINIA LAKES RIDGE CA US,19800301,-9999,-9999,-9999,-9999,-9999,-9999,14,1,1,254,990,-9999,-9999,-9999,-9999,-9999
GHCND:USS0019L13S,VIRGINIA LAKES RIDGE CA US,19800401,-9999,-9999,-9999,-9999,-9999,-9999,6,1,0,127,406,-9999,-9999,-9999,-9999,-9999
GHCND:USS0019L13S,VIRGINIA LAKES RIDGE CA US,19800501,-9999,-9999,-9999,-9999,-9999,-9999,5,1,0,127,356,-9999,-9999,-9999,-9999,-9999
GHCND:USS0019L13S,VIRGINIA LAKES RIDGE CA US,19800601,-9999,-9999,-9999,-9999,-9999,-9999,0,0,0,0,0,-9999,-9999,-9999,-9999,-9999
GHCND:USS0019L13S,VIRGINIA LAKES RIDGE CA US,19800701,-9999,-9999,-9999,-9999,-9999,-9999,1,0,0,51,51,-9999,-9999,-9999,-9999,-9999
GHCND:USS0019L13S,VIRGINIA LAKES RIDGE CA US,19800801,-9999,-9999,-9999,-9999,-9999,-9999,1,0,0,25,25,-9999,-9999,-9999,-9999,-9999
GHCND:USS0019L13S,VIRGINIA LAKES RIDGE CA US,19800901,-9999,-9999,-9999,-9999,-9999,-9999,4,2,0,178,482,-9999,-9999,-9999,-9999,-9999
GHCND:USS0019L13S,VIRGINIA LAKES RIDGE CA US,19801001,-9999,-9999,-9999,-9999,-9999,-9999,2,0,0,76,101,-9999,-9999,-9999,-9999,-9999
GHCND:USS0019L13S,VIRGINIA LAKES RIDGE CA US,19801101,-9999,-9999,-9999,-9999,-9999,-9999,5,0,0,76,254,-9999,-9999,-9999,-9999,-9999
GHCND:USS0019L13S,VIRGINIA LAKES RIDGE CA US,19801201,-9999,-9999,-9999,-9999,-9999,-9999,3,1,1,457,661,-9999,-9999,-9999,-9999,-9999
GHCND:USS0019L13S,VIRGINIA LAKES RIDGE CA US,19810101,-9999,-9999,-9999,-9999,-9999,-9999,4,4,2,533,1193,-9999,-9999,-9999,-9999,-9999
GHCND:USS0019L13S,VIRGINIA LAKES RIDGE CA US,19810201,-9999,-9999,-9999,-9999,-9999,-9999,6,4,0,152,685,-9999,-9999,-9999,-9999,-9999
GHCND:USS0019L13S,VIRGINIA LAKES RIDGE CA US,19810301,-9999,-9999,-9999,-9999,-9999,-9999,16,1,0,203,912,-9999,-9999,-9999,-9999,-9999
GHCND:USS0019L13S,VIRGINIA LAKES RIDGE CA US,19810401,-9999,-9999,-9999,-9999,-9999,-9999,3,1,1,660,736,-9999,-9999,-9999,-9999,-9999
GHCND:USS0019L13S,VIRGINIA LAKES RIDGE CA US,19810501,-9999,-9999,-9999,-9999,-9999,-9999,7,0,0,76,330,-9999,-9999,-9999,-9999,-9999
GHCND:USS0019L13S,VIRGINIA LAKES RIDGE CA US,19810601,-9999,-9999,-9999,-9999,-9999,-9999,1,0,0,76,76,-9999,-9999,-9999,-9999,-9999
GHCND:USS0019L13S,VIRGINIA LAKES RIDGE CA US,19810701,-9999,-9999,-9999,-9999,-9999,-9999,0,0,0,0,0,-9999,-9999,-9999,-9999,-9999
GHCND:USS0019L13S,VIRGINIA LAKES RIDGE CA US,19810801,-9999,-9999,-9999,-9999,-9999,-9999,0,0,0,0,0,-9999,-9999,-9999,-9999,-9999
GHCND:USS0019L13S,VIRGINIA LAKES RIDGE CA US,19810901,-9999,-9999,-9999,-9999,-9999,-9999,0,0,0,0,0,-9999,-9999,-9999,-9999,-9999
GHCND:USS0019L13S,VIRGINIA LAKES RIDGE CA US,19821001,-9999,-9999,-9999,-9999,-9999,-9999,9,3,1,254,836,-9999,-9999,-9999,-9999,-9999
GHCND:USS0019L13S,VIRGINIA LAKES RIDGE CA US,19821101,-9999,-9999,-9999,-9999,-9999,-9999,13,4,3,533,1623,-9999,-9999,-9999,-9999,-9999
GHCND:USS0019L13S,VIRGINIA LAKES RIDGE CA US,19821201,-9999,-9999,-9999,-9999,-9999,-9999,15,2,1,584,1446,-9999,-9999,-9999,-9999,-9999
GHCND:USS0019L13S,VIRGINIA LAKES RIDGE CA US,19830101,-9999,-9999,-9999,-9999,-9999,-9999,12,7,2,483,1930,-9999,-9999,-9999,-9999,-9999
GHCND:USS0019L13S,VIRGINIA LAKES RIDGE CA US,19830201,-9999,-9999,-9999,-9999,-9999,-9999,15,7,4,762,2590,-9999,-9999,-9999,-9999,-9999
GHCND:USS0019L13S,VIRGINIA LAKES RIDGE CA US,19830301,-9999,-9999,-9999,-9999,-9999,-9999,15,5,1,406,1497,-9999,-9999,-9999,-9999,-9999
GHCND:USS0019L13S,VIRGINIA LAKES RIDGE CA US,19830401,-9999,-9999,-9999,-9999,-9999,-9999,13,2,0,152,811,-9999,-9999,-9999,-9999,-9999
GHCND:USS0019L13S,VIRGINIA LAKES RIDGE CA US,19830501,-9999,-9999,-9999,-9999,-9999,-9999,3,0,0,76,152,-9999,-9999,-9999,-9999,-9999
GHCND:USS0019L13S,VIRGINIA LAKES RIDGE CA US,19830601,-9999,-9999,-9999,-9999,-9999,-9999,2,0,0,51,76,-9999,-9999,-9999,-9999,-9999
GHCND:USS0019L13S,VIRGINIA LAKES RIDGE CA US,19830701,0,469,0,0,0,0,0,0,0,0,0,239,22,212,60,136
GHCND:USS0019L13S,VIRGINIA LAKES RIDGE CA US,19830801,6,2007,0,0,0,1,10,1,0,178,583,261,0,180,56,118
GHCND:USS0019L13S,VIRGINIA LAKES RIDGE CA US,19830901,0,2428,0,0,0,7,3,1,0,127,203,239,-17,163,41,102
GHCND:USS0019L13S,VIRGINIA LAKES RIDGE CA US,19831001,0,3804,0,0,0,19,3,0,0,102,203,183,-39,119,-6,56
GHCND:USS0019L13S,VIRGINIA LAKES RIDGE CA US,19831101,0,6286,0,10,1,26,13,7,3,483,2108,150,-189,21,-74,-27
GHCND:USS0019L13S,VIRGINIA LAKES RIDGE CA US,19831201,0,6834,0,15,2,31,14,7,2,508,2159,56,-183,2,-77,-37
GHCND:USS0019L13S,VIRGINIA LAKES RIDGE CA US,19840101,0,6488,0,11,0,31,2,1,1,254,305,89,-172,27,-80,-26
GHCND:USS0019L13S,VIRGINIA LAKES RIDGE CA US,19840201,0,6487,0,13,2,29,10,3,1,432,1092,94,-183,19,-101,-41
GHCND:USS0019L13S,VIRGINIA LAKES RIDGE CA US,19840301,0,6015,0,4,0,31,5,2,0,127,381,106,-144,41,-77,-17
GHCND:USS0019L13S,VIRGINIA LAKES RIDGE CA US,19840401,0,6008,0,7,0,29,6,0,0,102,382,133,-167,43,-78,-17
GHCND:USS0019L13S,VIRGINIA LAKES RIDGE CA US,19840501,0,3502,0,0,0,12,2,0,0,51,102,206,-89,132,1,66
GHCND:USS0019L13S,VIRGINIA LAKES RIDGE CA US,19840601,0,382,0,0,0,2,2,1,0,203,228,156,-33,121,-9,56
GHCND:USS0019L13S,VIRGINIA LAKES RIDGE CA US,19840701,0,750,0,0,0,1,6,2,0,127,483,244,-6,206,62,136
GHCND:USS0019L13S,VIRGINIA LAKES RIDGE CA US,19840801,0,1726,0,0,0,1,4,0,0,76,177,261,-6,203,51,127
GHCND:USS0019L13S,VIRGINIA LAKES RIDGE CA US,19840901,0,2223,0,0,0,8,2,0,0,51,76,250,-67,177,30,104
GHCND:USS0019L13S,VIRGINIA LAKES RIDGE CA US,19841001,0,4453,0,3,0,22,4,1,0,152,330,161,-144,64,-54,5
GHCND:USS0019L13S,VIRGINIA LAKES RIDGE CA US,19841101,0,6363,0,11,2,28,17,7,2,381,2056,133,-194,20,-78,-29
GHCND:USS0019L13S,VIRGINIA LAKES RIDGE CA US,19841201,0,7477,0,14,3,30,10,1,0,127,531,39,-206,-17,-116,-66
GHCND:USS0019L13S,VIRGINIA LAKES RIDGE CA US,19850101,0,7367,0,17,4,31,6,1,0,152,457,94,-211,-4,-105,-55
GHCND:USS0019L13S,VIRGINIA LAKES RIDGE CA US,19850201,0,6298,0,12,5,27,4,2,1,432,635,111,-211,17,-101,-42
GHCND:USS0019L13S,VIRGINIA LAKES RIDGE CA US,19850301,0,7324,0,16,1,31,11,3,2,254,1092,83,-206,-2,-105,-53
GHCND:USS0019L13S,VIRGINIA LAKES RIDGE CA US,19850401,0,4615,0,3,0,26,3,1,0,127,229,167,-139,93,-35,29
GHCND:USS0019L13S,VIRGINIA LAKES RIDGE CA US,19850501,0,4116,0,0,0,23,1,0,0,25,25,172,-78,118,-18,50
GHCND:USS0019L13S,VIRGINIA LAKES RIDGE CA US,19850601,16,1613,0,0,0,4,1,0,0,102,102,272,-39,203,57,130
GHCND:USS0019L13S,VIRGINIA LAKES RIDGE CA US,19850701,10,1192,0,0,0,0,4,2,0,203,457,272,22,212,77,145
GHCND:USS0019L13S,VIRGINIA LAKES RIDGE CA US,19850801,1,1290,0,0,0,0,0,0,0,0,0,261,6,217,63,140
GHCND:USS0019L13S,VIRGINIA LAKES RIDGE CA US,19850901,0,3761,0,0,0,17,4,2,1,330,635,189,-67,116,0,58
GHCND:USS0019L13S,VIRGINIA LAKES RIDGE CA US,19851001,0,4522,0,2,0,22,6,2,2,330,889,200,-111,97,-23,37
GHCND:USS0019L13S,VIRGINIA LAKES RIDGE CA US,19851101,0,6364,0,15,1,26,9,4,2,559,1346,144,-183,16,-74,-29
GHCND:USS0019L13S,VIRGINIA LAKES RIDGE CA US,19851201,0,6277,0,9,2,31,9,3,0,229,812,106,-222,27,-66,-19
GHCND:USS0019L13S,VIRGINIA LAKES RIDGE CA US,19860101,0,5614,0,6,0,31,11,2,0,152,581,122,-106,50,-46,2
GHCND:USS0019L13S,VIRGINIA LAKES RIDGE CA US,19860201,0,5855,0,17,3,27,15,8,8,686,3987,133,-206,9,-80,-34
GHCND:USS0019L13S,VIRGINIA LAKES RIDGE CA US,19860301,0,5887,0,10,0,30,13,3,1,432,1320,117,-167,46,-60,-7
GHCND:USS0019L13S,VIRGINIA LAKES RIDGE CA US,19860401,0,5579,0,4,0,28,5,0,0,76,253,156,-144,55,-61,-3
GHCND:USS0019L13S,VIRGINIA LAKES RIDGE CA US,19860501,0,4222,0,1,0,21,3,0,0,76,126,206,-128,111,-17,47
GHCND:USS0019L13S,VIRGINIA LAKES RIDGE CA US,19860601,0,2106,0,0,0,3,1,0,0,25,25,239,-22,186,39,113
GHCND:USS0019L13S,VIRGINIA LAKES RIDGE CA US,19860701,0,1906,0,0,0,5,2,0,0,102,153,261,-17,201,42,122
GHCND:USS0019L13S,VIRGINIA LAKES RIDGE CA US,19860801,0,1404,0,0,0,0,2,0,0,51,76,256,6,206,56,131
GHCND:USS0019L13S,VIRGINIA LAKES RIDGE CA US,19860901,0,4629,0,4,0,21,6,0,0,102,279,217,-106,85,-38,23
GHCND:USS0019L13S,VIRGINIA LAKES RIDGE CA US,19861001,0,4321,0,3,0,25,3,0,0,76,126,117,-117,55,-62,-5
GHCND:USS0019L13S,VIRGINIA LAKES RIDGE CA US,19861101,0,6294,0,8,0,30,0,0,0,0,0,94,-156,30,-84,-27
GHCND:USS0019L13S,VIRGINIA LAKES RIDGE CA US,19861201,0,7263,0,19,0,30,2,0,0,102,127,67,-150,-13,-105,-59
GHCND:USS0019L13S,VIRGINIA LAKES RIDGE CA US,19870101,0,8382,0,24,11,30,10,3,1,533,1141,39,-272,-44,-146,-96
GHCND:USS0019L13S,VIRGINIA LAKES RIDGE CA US,19870201,0,7240,0,21,8,26,8,3,1,279,863,28,-239,-43,-146,-95
GHCND:USS0019L13S,VIRGINIA LAKES RIDGE CA US,19870301,0,7649,0,19,2,30,9,3,0,203,684,67,-233,-19,-125,-72
GHCND:USS0019L13S,VIRGINIA LAKES RIDGE CA US,19870401,0,178,0,0,0,1,2,0,0,25,50,78,-67,78,-67,6
GHCND:USS0019L13S,VIRGINIA LAKES RIDGE CA US,19870501,0,4010,0,1,0,19,10,1,0,127,558,161,-94,84,-27,29
GHCND:USS0019L13S,VIRGINIA LAKES RIDGE CA US,19870601,0,2893,0,0,0,15,3,0,0,51,101,228,-67,154,7,80
GHCND:USS0019L13S,VIRGINIA LAKES RIDGE CA US,19870701,0,1767,0,0,0,9,4,0,0,51,152,233,-56,184,19,103
GHCND:USS0019L13S,VIRGINIA LAKES RIDGE CA US,19870801,0,1802,0,0,0,2,1,0,0,25,25,239,-28,199,50,125
GHCND:USS0019L13S,VIRGINIA LAKES RIDGE CA US,19870901,0,2470,0,0,0,3,0,0,0,0,0,194,-39,169,21,95
GHCND:USS0019L13S,VIRGINIA LAKES RIDGE CA US,19871001,0,4324,0,2,0,24,3,0,0,102,229,178,-72,98,-20,39
GHCND:USS0019L13S,VIRGINIA LAKES RIDGE CA US,19871101,0,6833,0,16,0,30,9,1,0,152,557,89,-172,5,-95,-45
GHCND:USS0019L13S,VIRGINIA LAKES RIDGE CA US,19871201,0,7976,0,22,12,30,13,3,0,229,965,44,-250,-59,-150,-102
GHCND:USS0019L13S,VIRGINIA LAKES RIDGE CA US,19880101,0,7897,0,22,6,31,13,4,0,178,1245,67,-222,-27,-116,-72
GHCND:USS0019L13S,VIRGINIA LAKES RIDGE CA US,19880201,0,6115,0,9,3,28,2,0,0,25,50,67,-206,13,-103,-43
GHCND:USS0019L13S,VIRGINIA LAKES RIDGE CA US,19880301,0,6837,0,11,2,30,3,1,0,229,382,94,-206,15,-108,-45
GHCND:USS0019L13S,VIRGINIA LAKES RIDGE CA US,19880401,0,5983,0,8,0,30,5,0,0,76,202,128,-172,43,-75,-16
GHCND:USS0019L13S,VIRGINIA LAKES RIDGE CA US,19880501,0,5129,0,5,0,24,3,1,0,203,279,178,-172,88,-53,18
GHCND:USS0019L13S,VIRGINIA LAKES RIDGE CA US,19880601,0,3228,0,1,0,11,2,0,0,102,127,228,-111,145,5,75
GHCND:USS0019L13S,VIRGINIA LAKES RIDGE CA US,19880701,0,1365,0,0,0,1,2,0,0,25,50,256,0,213,62,138
GHCND:USS0019L13S,VIRGINIA LAKES RIDGE CA US,19880801,0,1966,0,0,0,3,2,0,0,25,50,233,-6,194,45,120
GHCND:USS0019L13S,VIRGINIA LAKES RIDGE CA US,19880901,0,3029,0,1,0,18,5,0,0,76,202,239,-83,153,4,79
GHCND:USS0019L13S,VIRGINIA LAKES RIDGE CA US,19881001,0,3524,0,0,0,16,0,0,0,0,0,194,-67,135,-3,66
GHCND:USS0019L13S,VIRGINIA LAKES RIDGE CA US,19881101,0,6617,0,16,1,28,8,2,1,406,913,128,-189,0,-91,-45
GHCND:USS0019L13S,VIRGINIA LAKES RIDGE CA US,19881201,0,8306,0,19,10,31,12,5,2,356,1447,72,-244,-47,-139,-94
GHCND:USS0019L13S,VIRGINIA LAKES RIDGE CA US,19890101,0,7279,0,20,9,30,5,1,0,203,457,72,-233,-23,-133,-77
GHCND:USS0019L13S,VIRGINIA LAKES RIDGE CA US,19890201,0,6740,0,14,9,28,8,3,1,254,709,33,-300,-38,-141,-87
GHCND:USS0019L13S,VIRGINIA LAKES RIDGE CA US,19890301,0,6789,0,10,1,31,14,3,1,254,1014,72,-222,15,-87,-36
GHCND:USS0019L13S,VIRGINIA LAKES RIDGE CA US,19890401,0,5055,0,7,0,29,6,0,0,102,253,156,-156,70,-53,9
GHCND:USS0019L13S,VIRGINIA LAKES RIDGE CA US,19890501,0,4812,0,4,0,26,6,2,1,330,812,156,-100,68,-50,5
GHCND:USS0019L13S,VIRGINIA LAKES RIDGE CA US,19890601,0,3356,0,0,0,17,2,1,0,178,280,211,-39,139,3,71
GHCND:USS0019L13S,VIRGINIA LAKES RIDGE CA US,19890701,0,1506,0,0,0,1,0,0,0,0,0,244,0,207,56,131
GHCND:USS0019L13S,VIRGINIA LAKES RIDGE CA US,19890801,0,2529,0,0,0,7,5,0,0,102,253,228,-67,176,22,99
GHCND:USS0019L13S,VIRGINIA LAKES RIDGE CA US,19890901,0,3589,0,2,0,13,6,1,0,127,431,206,-61,129,-2,63
GHCND:USS0019L13S,VIRGINIA LAKES RIDGE CA US,19891001,0,5109,0,2,0,29,2,0,0,102,153,156,-167,79,-55,13
GHCND:USS0019L13S,VIRGINIA LAKES RIDGE CA US,19891101,0,4796,0,3,2,27,3,1,1,330,457,144,-183,58,-59,5
GHCND:USS0019L13S,VIRGINIA LAKES RIDGE CA US,19891201,0,6056,0,12,0,28,1,0,0,25,25,78,-156,16,-83,-33
GHCND:USS0019L13S,VIRGINIA LAKES RIDGE CA US,19900101,0,8039,0,22,7,31,9,3,2,330,1041,78,-206,-28,-124,-76
GHCND:USS0019L13S,VIRGINIA LAKES RIDGE CA US,19900201,0,7408,0,18,11,28,10,2,1,432,939,83,-261,-38,-147,-91
GHCND:USS0019L13S,VIRGINIA LAKES RIDGE CA US,19900301,0,6753,0,10,4,31,5,1,0,127,330,100,-228,18,-101,-42
GHCND:USS0019L13S,VIRGINIA LAKES RIDGE CA US,19900401,0,5403,0,3,0,29,4,0,0,76,202,144,-128,57,-63,-3
GHCND:USS0019L13S,VIRGINIA LAKES RIDGE CA US,19900501,0,5438,0,2,0,29,5,0,0,76,202,167,-117,70,-55,8
GHCND:USS0019L13S,VIRGINIA LAKES RIDGE CA US,19900601,0,2914,0,0,0,11,2,0,0,51,76,233,-106,157,7,83
GHCND:USS0019L13S,VIRGINIA LAKES RIDGE CA US,19900701,0,1914,0,0,0,1,6,1,0,178,534,239,-6,194,46,119
GHCND:USS0019L13S,VIRGINIA LAKES RIDGE CA US,19900801,0,1877,0,0,0,8,2,0,0,102,127,250,-56,189,33,114
GHCND:USS0019L13S,VIRGINIA LAKES RIDGE CA US,19900901,0,3094,0,0,0,13,5,1,0,152,380,228,-44,149,11,80
GHCND:USS0019L13S,VIRGINIA LAKES RIDGE CA US,19901001,0,4344,0,1,0,25,0,0,0,0,0,172,-117,113,-27,43
GHCND:USS0019L13S,VIRGINIA LAKES RIDGE CA US,19901101,0,5668,0,7,2,29,2,0,0,76,127,122,-178,33,-88,-27
GHCND:USS0019L13S,VIRGINIA LAKES RIDGE CA US,19901201,0,4316,0,9,2,18,6,0,0,51,228,94,-206,-8,-105,-57
GHCND:USS0019L13S,VIRGINIA LAKES RIDGE CA US,19910101,-9999,-9999,-9999,-9999,-9999,-9999,4,1,0,127,202,-9999,-9999,-9999,-9999,-9999
GHCND:USS0019L13S,VIRGINIA LAKES RIDGE CA US,19910201,-9999,-9999,-9999,-9999,-9999,-9999,4,1,0,127,305,-9999,-9999,-9999,-9999,-9999
GHCND:USS0019L13S,VIRGINIA LAKES RIDGE CA US,19910301,0,661,0,0,0,3,18,7,5,559,3100,44,-111,24,-98,-37
GHCND:USS0019L13S,VIRGINIA LAKES RIDGE CA US,19910401,0,6676,0,11,1,30,2,0,0,25,50,89,-194,15,-94,-40
GHCND:USS0019L13S,VIRGINIA LAKES RIDGE CA US,19910501,0,6339,0,9,0,31,7,0,0,102,329,111,-128,34,-77,-21
GHCND:USS0019L13S,VIRGINIA LAKES RIDGE CA US,19910601,0,3365,0,0,0,19,1,0,0,25,25,211,-67,147,-6,71
GHCND:USS0019L13S,VIRGINIA LAKES RIDGE CA US,19910701,10,701,0,0,0,0,0,0,0,0,0,278,11,230,76,154
GHCND:USS0019L13S,VIRGINIA LAKES RIDGE CA US,19910801,4,1048,0,0,0,0,3,0,0,25,75,261,11,226,72,149
GHCND:USS0019L13S,VIRGINIA LAKES RIDGE CA US,19910901,0,1669,0,0,0,4,3,0,0,102,152,250,-22,199,48,123
GHCND:USS0019L13S,VIRGINIA LAKES RIDGE CA US,19911001,0,3527,0,3,0,11,6,2,1,305,763,228,-156,137,1,69
GHCND:USS0019L13S,VIRGINIA LAKES RIDGE CA US,19911101,0,5270,0,6,1,25,7,1,1,254,661,139,-194,61,-47,7
GHCND:USS0019L13S,VIRGINIA LAKES RIDGE CA US,19911201,0,6283,0,8,0,31,4,0,0,102,356,100,-156,32,-71,-20
GHCND:USS0019L13S,VIRGINIA LAKES RIDGE CA US,19920101,0,6272,0,6,0,31,5,2,0,152,405,117,-150,36,-74,-19
GHCND:USS0019L13S,VIRGINIA LAKES RIDGE CA US,19920201,0,4551,0,5,0,23,9,4,0,203,940,128,-133,45,-75,-15
GHCND:USS0019L13S,VIRGINIA LAKES RIDGE CA US,19920301,0,5846,0,2,0,31,7,2,0,203,634,117,-117,57,-68,-6
GHCND:USS0019L13S,VIRGINIA LAKES RIDGE CA US,19920401,0,3875,0,0,0,25,2,0,0,76,101,194,-56,124,-16,54
GHCND:USS0019L13S,VIRGINIA LAKES RIDGE CA US,19920501,0,2825,0,0,0,9,6,0,0,76,201,217,-61,167,16,92
GHCND:USS0019L13S,VIRGINIA LAKES RIDGE CA US,19920601,0,2624,0,0,0,7,5,1,0,127,329,228,-61,166,25,96
GHCND:USS0019L13S,VIRGINIA LAKES RIDGE CA US,19920701,12,1466,0,0,0,1,5,0,0,102,202,278,-33,214,59,136
GHCND:USS0019L13S,VIRGINIA LAKES RIDGE CA US,19920801,53,1107,0,0,0,1,4,1,0,178,279,283,-11,225,73,149
GHCND:USS0019L13S,VIRGINIA LAKES RIDGE CA US,19920901,0,1914,0,0,0,3,3,0,0,102,152,239,-22,199,39,119
GHCND:USS0019L13S,VIRGINIA LAKES RIDGE CA US,19921001,0,3543,0,1,0,14,2,1,0,178,254,222,-78,135,3,69
GHCND:USS0019L13S,VIRGINIA LAKES RIDGE CA US,19921101,0,5626,0,5,0,29,1,0,0,25,25,133,-144,54,-63,-5
GHCND:USS0019L13S,VIRGINIA LAKES RIDGE CA US,19921201,0,6948,0,17,1,30,11,8,3,432,2260,94,-194,-6,-106,-57
GHCND:USS0019L13S,VIRGINIA LAKES RIDGE CA US,19930101,0,7267,0,19,2,31,18,9,2,330,2131,106,-206,-1,-101,-51
GHCND:USS0019L13S,VIRGINIA LAKES RIDGE CA US,19930201,0,6590,0,17,1,28,16,7,3,483,2208,94,-178,2,-106,-52
GHCND:USS0019L13S,VIRGINIA LAKES RIDGE CA US,19930301,0,5069,0,1,0,31,13,2,0,229,861,156,-117,88,-49,20
GHCND:USS0019L13S,VIRGINIA LAKES RIDGE CA US,19930401,0,4969,0,0,0,28,2,1,0,127,203,161,-117,88,-53,17
GHCND:USS0019L13S,VIRGINIA LAKES RIDGE CA US,19930501,0,3725,0,0,0,17,2,1,0,127,152,172,-67,130,-4,63
GHCND:USS0019L13S,VIRGINIA LAKES RIDGE CA US,19930601,0,2941,0,0,0,11,1,0,0,76,76,239,-72,159,11,85
GHCND:USS0019L13S,VIRGINIA LAKES RIDGE CA US,19930701,0,1469,0,0,0,3,0,0,0,0,0,272,-28,216,51,134
GHCND:USS0019L13S,VIRGINIA LAKES RIDGE CA US,19930801,18,1345,0,0,0,3,0,0,0,0,0,283,0,213,56,136
GHCND:USS0019L13S,VIRGINIA LAKES RIDGE CA US,19930901,0,1860,0,0,0,7,1,0,0,51,51,261,-33,197,35,117
GHCND:USS0019L13S,VIRGINIA LAKES RIDGE CA US,19931001,0,4151,0,8,0,25,1,0,0,25,25,206,-61,91,-1,45
GHCND:USS0019L13S,VIRGINIA LAKES RIDGE CA US,19931101,0,4849,0,8,0,26,4,2,0,127,304,144,-150,54,-40,10
GHCND:USS0019L13S,VIRGINIA LAKES RIDGE CA US,19931201,0,3077,0,6,0,18,2,1,1,330,432,83,-83,35,-33,2
GHCND:USS0019L13S,VIRGINIA LAKES RIDGE CA US,19940101,0,5230,0,9,0,30,3,0,0,76,126,111,-161,38,-65,-11
GHCND:USS0019L13S,VIRGINIA LAKES RIDGE CA US,19940201,0,6051,0,12,1,28,7,3,1,686,1220,78,-183,6,-91,-41
GHCND:USS0019L13S,VIRGINIA LAKES RIDGE CA US,19940301,0,4856,0,6,0,29,8,1,1,381,685,156,-117,65,-50,3
GHCND:USS0019L13S,VIRGINIA LAKES RIDGE CA US,19940401,0,4963,0,3,0,25,9,1,0,152,378,172,-100,82,-47,18
GHCND:USS0019L13S,VIRGINIA LAKES RIDGE CA US,19940501,0,3857,0,0,0,16,7,3,1,381,837,200,-78,126,-9,59
GHCND:USS0019L13S,VIRGINIA LAKES RIDGE CA US,19940601,0,1551,0,0,0,2,2,0,0,51,102,256,-11,205,58,131
GHCND:USS0019L13S,VIRGINIA LAKES RIDGE CA US,19940701,110,508,0,0,0,0,1,0,0,102,102,289,17,249,91,170
GHCND:USS0019L13S,VIRGINIA LAKES RIDGE CA US,19940801,27,544,0,0,0,0,0,0,0,0,0,283,56,244,89,166
GHCND:USS0019L13S,VIRGINIA LAKES RIDGE CA US,19940901,0,2435,0,0,0,6,4,1,0,152,304,239,-28,174,30,102
GHCND:USS0019L13S,VIRGINIA LAKES RIDGE CA US,19941001,0,4424,0,2,0,24,4,1,1,305,380,178,-111,103,-23,40
GHCND:USS0019L13S,VIRGINIA LAKES RIDGE CA US,19941101,0,7045,0,15,2,30,15,5,1,432,1549,106,-189,0,-104,-52
GHCND:USS0019L13S,VIRGINIA LAKES RIDGE CA US,19941201,0,6720,0,11,1,31,8,1,0,152,379,83,-183,17,-85,-34
GHCND:USS0019L13S,VIRGINIA LAKES RIDGE CA US,19950101,0,7081,0,21,1,31,19,4,4,660,2667,94,-178,-6,-85,-45
GHCND:USS0019L13S,VIRGINIA LAKES RIDGE CA US,19950201,0,4739,0,2,0,28,6,2,0,152,405,139,-139,75,-48,14
GHCND:USS0019L13S,VIRGINIA LAKES RIDGE CA US,19950301,0,6485,0,8,2,31,18,7,6,1067,3300,144,-183,35,-88,-26
GHCND:USS0019L13S,VIRGINIA LAKES RIDGE CA US,19950401,0,5562,0,7,0,30,11,1,0,178,634,161,-150,68,-73,-2
GHCND:USS0019L13S,VIRGINIA LAKES RIDGE CA US,19950501,0,4814,0,0,0,29,12,1,0,152,659,150,-83,90,-34,28
GHCND:USS0019L13S,VIRGINIA LAKES RIDGE CA US,19950601,0,3393,0,0,0,14,7,0,0,76,226,222,-100,141,-1,70
GHCND:USS0019L13S,VIRGINIA LAKES RIDGE CA US,19950701,0,1568,0,0,0,1,1,0,0,25,25,256,-22,205,60,132
GHCND:USS0019L13S,VIRGINIA LAKES RIDGE CA US,19950801,0,1128,0,0,0,0,0,0,0,0,0,261,6,224,69,147
GHCND:USS0019L13S,VIRGINIA LAKES RIDGE CA US,19950901,0,1739,0,0,0,3,1,0,0,76,76,244,-44,201,49,125
GHCND:USS0019L13S,VIRGINIA LAKES RIDGE CA US,19951001,0,3204,0,0,0,12,0,0,0,0,0,211,-106,154,5,80
GHCND:USS0019L13S,VIRGINIA LAKES RIDGE CA US,19951101,0,3909,0,0,0,14,1,0,0,51,51,167,-117,112,-7,53
GHCND:USS0019L13S,VIRGINIA LAKES RIDGE CA US,19951201,0,6465,0,11,0,31,8,3,2,483,1142,83,-150,19,-70,-26
GHCND:USS0019L13S,VIRGINIA LAKES RIDGE CA US,19960101,0,6241,0,12,1,31,12,6,3,483,1878,122,-178,25,-62,-18
GHCND:USS0019L13S,VIRGINIA LAKES RIDGE CA US,19960201,0,6068,0,10,4,28,12,4,3,686,1904,117,-206,22,-75,-26
GHCND:USS0019L13S,VIRGINIA LAKES RIDGE CA US,19960301,0,5794,0,6,0,30,10,4,2,533,1446,150,-144,66,-74,-4
GHCND:USS0019L13S,VIRGINIA LAKES RIDGE CA US,19960401,0,4786,0,0,0,26,5,2,1,305,763,178,-122,99,-52,23
GHCND:USS0019L13S,VIRGINIA LAKES RIDGE CA US,19960501,0,4130,0,0,0,20,6,2,0,203,507,200,-78,109,-10,50
GHCND:USS0019L13S,VIRGINIA LAKES RIDGE CA US,19960601,0,2016,0,0,0,4,1,0,0,25,25,256,-44,191,41,116
GHCND:USS0019L13S,VIRGINIA LAKES RIDGE CA US,19960701,39,687,0,0,0,0,6,1,1,254,482,278,39,240,84,162
GHCND:USS0019L13S,VIRGINIA LAKES RIDGE CA US,19960801,25,867,0,0,0,0,3,0,0,76,152,267,17,234,78,156
GHCND:USS0019L13S,VIRGINIA LAKES RIDGE CA US,19960901,0,2251,0,0,0,5,2,0,0,25,50,244,-44,182,29,105
GHCND:USS0019L13S,VIRGINIA LAKES RIDGE CA US,19961001,0,3951,0,7,0,15,9,2,0,178,608,239,-128,107,-14,47
GHCND:USS0019L13S,VIRGINIA LAKES RIDGE CA US,19961101,0,5237,0,6,0,22,10,3,2,660,1620,150,-133,57,-51,2
GHCND:USS0019L13S,VIRGINIA LAKES RIDGE CA US,19961201,0,5505,0,8,0,26,18,5,3,660,2974,72,-122,21,-59,-21
GHCND:USS0019L13S,VIRGINIA LAKES RIDGE CA US,19970101,0,6528,0,14,4,28,16,7,6,965,3528,106,-222,10,-93,-42
GHCND:USS0019L13S,VIRGINIA LAKES RIDGE CA US,19970201,0,6166,0,7,1,28,5,0,0,51,200,100,-178,26,-101,-37
GHCND:USS0019L13S,VIRGINIA LAKES RIDGE CA US,19970301,0,4939,0,2,0,31,6,0,0,51,214,172,-156,96,-49,24
GHCND:USS0019L13S,VIRGINIA LAKES RIDGE CA US,19970401,0,5242,0,3,0,26,7,0,0,53,226,183,-150,75,-59,8
GHCND:USS0019L13S,VIRGINIA LAKES RIDGE CA US,19970501,0,3150,0,0,0,10,7,0,0,51,201,233,-50,150,13,81
GHCND:USS0019L13S,VIRGINIA LAKES RIDGE CA US,19970601,0,2781,0,0,0,8,6,0,0,104,355,222,-28,155,25,90
GHCND:USS0019L13S,VIRGINIA LAKES RIDGE CA US,19970701,0,1529,0,0,0,1,6,2,1,277,657,267,-33,210,57,134
GHCND:USS0019L13S,VIRGINIA LAKES RIDGE CA US,19970801,15,945,0,0,0,0,8,0,0,102,385,272,44,229,75,152
GHCND:USS0019L13S,VIRGINIA LAKES RIDGE CA US,19970901,0,2142,0,0,0,3,6,4,4,8839,19405,239,-33,184,39,112
GHCND:USS0019L13S,VIRGINIA LAKES RIDGE CA US,19971001,0,4087,0,1,0,18,1,0,0,25,25,222,-100,119,-16,51
GHCND:USS0019L13S,VIRGINIA LAKES RIDGE CA US,19971101,0,5297,0,5,0,25,8,2,1,483,812,167,-111,59,-46,6
GHCND:USS0019L13S,VIRGINIA LAKES RIDGE CA US,19971201,0,7110,0,15,1,31,11,1,0,178,632,78,-178,3,-96,-46
GHCND:USS0019L13S,VIRGINIA LAKES RIDGE CA US,19980101,0,6358,0,10,0,31,15,3,1,279,1166,94,-167,20,-77,-29
GHCND:USS0019L13S,VIRGINIA LAKES RIDGE CA US,19980201,0,5986,0,19,0,25,15,10,5,686,3250,106,-172,0,-113,-56
GHCND:USS0019L13S,VIRGINIA LAKES RIDGE CA US,19980301,0,5540,0,5,2,29,9,2,1,584,1013,128,-183,60,-77,-8
GHCND:USS0019L13S,VIRGINIA LAKES RIDGE CA US,19980401,0,5631,0,4,0,28,10,0,0,76,404,172,-167,69,-79,-5
GHCND:USS0019L13S,VIRGINIA LAKES RIDGE CA US,19980501,0,5039,0,1,0,30,12,0,0,76,479,150,-117,83,-53,15
GHCND:USS0019L13S,VIRGINIA LAKES RIDGE CA US,19980601,0,3254,0,0,0,13,5,2,0,175,403,206,-33,141,8,75
GHCND:USS0019L13S,VIRGINIA LAKES RIDGE CA US,19980701,71,1047,0,0,0,0,5,0,0,79,271,283,28,227,76,152
GHCND:USS0019L13S,VIRGINIA LAKES RIDGE CA US,19980801,97,651,0,0,0,0,0,0,0,0,0,278,33,242,88,165
GHCND:USS0019L13S,VIRGINIA LAKES RIDGE CA US,19980901,0,2685,0,0,0,11,10,1,0,178,684,244,-39,160,27,94
GHCND:USS0019L13S,VIRGINIA LAKES RIDGE CA US,19981001,0,4169,0,0,0,24,2,0,0,51,102,178,-89,101,-30,34
GHCND:USS0019L13S,VIRGINIA LAKES RIDGE CA US,19981101,0,4219,0,5,0,21,10,0,0,102,609,128,-122,47,-46,0
GHCND:USS0019L13S,VIRGINIA LAKES RIDGE CA US,19981201,0,4852,0,10,5,24,6,0,0,51,179,122,-233,18,-95,-38
GHCND:USS0019L13S,VIRGINIA LAKES RIDGE CA US,19990101,0,4703,0,9,0,23,7,2,2,353,915,106,-139,24,-69,-21
GHCND:USS0019L13S,VIRGINIA LAKES RIDGE CA US,19990201,0,4571,0,5,2,21,7,2,1,330,685,106,-194,27,-97,-35
GHCND:USS0019L13S,VIRGINIA LAKES RIDGE CA US,19990301,0,4750,0,5,0,23,5,1,0,127,305,122,-161,43,-85,-24
GHCND:USS0019L13S,VIRGINIA LAKES RIDGE CA US,19990401,0,5507,0,10,1,26,14,1,0,127,683,156,-178,47,-75,-14
GHCND:USS0019L13S,VIRGINIA LAKES RIDGE CA US,19990501,0,3591,0,0,0,18,5,0,0,25,125,194,-100,125,-15,55
GHCND:USS0019L13S,VIRGINIA LAKES RIDGE CA US,19990601,0,2376,0,1,0,9,4,0,0,51,126,272,-78,175,28,101
GHCND:USS0019L13S,VIRGINIA LAKES RIDGE CA US,19990701,6,962,0,0,0,0,5,0,0,51,151,261,28,222,76,149
GHCND:USS0019L13S,VIRGINIA LAKES RIDGE CA US,19990801,0,1433,0,0,0,3,4,1,0,127,202,256,-33,213,47,130
GHCND:USS0019L13S,VIRGINIA LAKES RIDGE CA US,19990901,0,1379,0,0,0,2,3,1,0,127,177,244,-11,196,43,120
GHCND:USS0019L13S,VIRGINIA LAKES RIDGE CA US,19991001,0,2200,0,0,0,5,3,1,0,127,177,217,-50,166,17,91
GHCND:USS0019L13S,VIRGINIA LAKES RIDGE CA US,19991101,0,3135,0,3,0,11,3,1,0,178,228,167,-156,95,-27,34
GHCND:USS0019L13S,VIRGINIA LAKES RIDGE CA US,19991201,0,4697,0,4,0,22,1,0,0,25,48,106,-161,32,-74,-21
GHCND:USS0019L13S,VIRGINIA LAKES RIDGE CA US,20000101,0,6531,0,10,0,31,15,7,0,229,1704,61,-150,15,-71,-28
GHCND:USS0019L13S,VIRGINIA LAKES RIDGE CA US,20000201,0,6207,0,11,1,29,18,5,2,381,1807,122,-178,23,-85,-31
GHCND:USS0019L13S,VIRGINIA LAKES RIDGE CA US,20000301,0,5878,0,5,0,31,9,2,0,155,532,133,-156,64,-78,-7
GHCND:USS0019L13S,VIRGINIA LAKES RIDGE CA US,20000401,0,4422,0,1,0,27,9,1,0,203,454,194,-100,106,-35,36
GHCND:USS0019L13S,VIRGINIA LAKES RIDGE CA US,20000501,0,3468,0,0,0,12,6,0,0,76,253,217,-122,136,7,71
GHCND:USS0019L13S,VIRGINIA LAKES RIDGE CA US,20000601,0,1647,0,0,0,3,10,2,1,279,840,272,-33,209,47,128
GHCND:USS0019L13S,VIRGINIA LAKES RIDGE CA US,20000701,60,1062,0,0,0,1,2,0,0,25,50,294,-6,230,71,151
GHCND:USS0019L13S,VIRGINIA LAKES RIDGE CA US,20000801,34,1076,0,0,0,0,6,1,0,203,405,294,22,225,74,149
GHCND:USS0019L13S,VIRGINIA LAKES RIDGE CA US,20000901,0,1983,0,0,0,7,5,0,0,51,151,256,-50,197,36,117
GHCND:USS0019L13S,VIRGINIA LAKES RIDGE CA US,20001001,0,4560,0,3,0,18,8,0,0,76,404,206,-122,98,-27,36
GHCND:USS0019L13S,VIRGINIA LAKES RIDGE CA US,20001101,0,6087,0,8,0,30,5,0,0,74,174,106,-172,39,-79,-20
GHCND:USS0019L13S,VIRGINIA LAKES RIDGE CA US,20001201,0,5516,0,4,0,31,6,0,0,51,182,111,-117,54,-44,5
GHCND:USS0019L13S,VIRGINIA LAKES RIDGE CA US,20010101,0,7135,0,17,1,31,13,3,0,251,864,117,-200,6,-100,-47
GHCND:USS0019L13S,VIRGINIA LAKES RIDGE CA US,20010201,0,6751,0,17,3,28,15,4,0,229,1371,128,-183,-7,-109,-58
GHCND:USS0019L13S,VIRGINIA LAKES RIDGE CA US,20010301,0,5345,0,4,0,30,11,3,1,279,810,167,-150,77,-56,11
GHCND:USS0019L13S,VIRGINIA LAKES RIDGE CA US,20010401,0,5492,0,7,0,27,12,2,0,229,888,183,-161,68,-68,0
GHCND:USS0019L13S,VIRGINIA LAKES RIDGE CA US,20010501,0,2607,0,0,0,7,4,0,0,25,100,244,-111,176,22,99
GHCND:USS0019L13S,VIRGINIA LAKES RIDGE CA US,20010601,0,1641,0,0,0,5,1,0,0,25,117,261,-39,202,55,128
GHCND:USS0019L13S,VIRGINIA LAKES RIDGE CA US,20010701,9,1290,0,0,0,0,8,0,0,76,277,272,28,213,70,142
GHCND:USS0019L13S,VIRGINIA LAKES RIDGE CA US,20010801,45,430,0,0,0,0,0,0,0,0,0,278,44,247,94,171
GHCND:USS0019L13S,VIRGINIA LAKES RIDGE CA US,20010901,0,1765,0,0,0,0,1,0,0,102,102,233,6,198,51,124
GHCND:USS0019L13S,VIRGINIA LAKES RIDGE CA US,20011001,0,3194,0,0,0,11,1,1,0,127,127,200,-61,147,12,80
GHCND:USS0019L13S,VIRGINIA LAKES RIDGE CA US,20011101,0,5562,0,7,1,29,10,3,1,457,1165,122,-178,49,-53,-2
GHCND:USS0019L13S,VIRGINIA LAKES RIDGE CA US,20011201,0,7193,0,17,2,31,14,5,1,457,1778,67,-183,-2,-96,-49
GHCND:USS0019L13S,VIRGINIA LAKES RIDGE CA US,20020101,0,7194,0,13,6,30,6,0,0,102,304,111,-217,7,-105,-49
GHCND:USS0019L13S,VIRGINIA LAKES RIDGE CA US,20020201,0,6383,0,4,1,27,6,1,0,178,303,128,-994,13,-103,-45
GHCND:USS0019L13S,VIRGINIA LAKES RIDGE CA US,20020301,0,8437,0,13,4,31,9,1,0,150,431,139,-994,-29,-149,-89
GHCND:USS0019L13S,VIRGINIA LAKES RIDGE CA US,20020401,0,4894,0,4,0,26,7,0,0,76,301,178,-139,86,-46,20
GHCND:USS0019L13S,VIRGINIA LAKES RIDGE CA US,20020501,0,4012,0,0,0,21,1,0,0,28,28,222,-111,127,-20,54
GHCND:USS0019L13S,VIRGINIA LAKES RIDGE CA US,20020601,9,1873,0,0,0,5,0,0,0,0,0,278,-72,202,39,121
GHCND:USS0019L13S,VIRGINIA LAKES RIDGE CA US,20020701,136,601,0,0,0,0,2,1,0,152,254,306,33,246,90,168
GHCND:USS0019L13S,VIRGINIA LAKES RIDGE CA US,20020801,89,1246,0,0,0,1,1,0,0,25,25,283,-6,223,68,146
GHCND:USS0019L13S,VIRGINIA LAKES RIDGE CA US,20020901,0,2403,0,0,0,7,1,0,0,76,76,233,-33,170,36,103
GHCND:USS0019L13S,VIRGINIA LAKES RIDGE CA US,20021001,0,4308,0,2,0,21,1,0,0,25,25,178,-83,106,-18,44
GHCND:USS0019L13S,VIRGINIA LAKES RIDGE CA US,20021101,0,5360,0,4,0,28,5,3,2,610,1090,128,-106,53,-45,4
GHCND:USS0019L13S,VIRGINIA LAKES RIDGE CA US,20021201,0,8220,0,16,1,31,13,6,1,556,1878,61,-994,-40,-125,-82
GHCND:USS0019L13S,VIRGINIA LAKES RIDGE CA US,20030101,0,5221,0,1,0,29,7,0,0,51,201,122,-128,69,-39,15
GHCND:USS0019L13S,VIRGINIA LAKES RIDGE CA US,20030201,0,6552,0,13,2,28,11,0,0,102,507,89,-183,7,-109,-51
GHCND:USS0019L13S,VIRGINIA LAKES RIDGE CA US,20030301,0,5789,0,5,0,31,8,1,1,254,455,150,-150,62,-70,-4
GHCND:USS0019L13S,VIRGINIA LAKES RIDGE CA US,20030401,0,7159,0,5,1,30,17,2,1,330,1063,128,-994,8,-119,-56
GHCND:USS0019L13S,VIRGINIA LAKES RIDGE CA US,20030501,0,4875,0,2,1,18,7,0,0,76,304,222,-994,97,-45,26
GHCND:USS0019L13S,VIRGINIA LAKES RIDGE CA US,20030601,0,1791,0,0,0,3,1,0,0,51,51,256,-33,199,48,123
GHCND:USS0019L13S,VIRGINIA LAKES RIDGE CA US,20030701,53,1716,0,1,1,1,3,0,0,51,101,294,-994,200,59,129
GHCND:USS0019L13S,VIRGINIA LAKES RIDGE CA US,20030801,12,1176,0,0,0,0,7,0,0,51,227,278,28,216,72,144
GHCND:USS0019L13S,VIRGINIA LAKES RIDGE CA US,20030901,0,3004,0,1,1,5,5,1,0,127,304,233,-994,150,15,83
GHCND:USS0019L13S,VIRGINIA LAKES RIDGE CA US,20031001,0,2955,0,1,0,5,5,0,0,25,125,206,-133,155,20,88
GHCND:USS0019L13S,VIRGINIA LAKES RIDGE CA US,20031101,0,6268,0,9,1,30,7,1,0,178,430,106,-178,26,-78,-26
GHCND:USS0019L13S,VIRGINIA LAKES RIDGE CA US,20031201,0,6828,0,16,2,31,16,8,1,254,1853,100,-189,8,-82,-37
GHCND:USS0019L13S,VIRGINIA LAKES RIDGE CA US,20040101,0,7378,0,12,2,30,7,1,1,356,609,89,-994,-14,-112,-63
GHCND:USS0019L13S,VIRGINIA LAKES RIDGE CA US,20040201,0,6929,0,17,0,29,12,4,2,406,1650,78,-161,-5,-107,-56
GHCND:USS0019L13S,VIRGINIA LAKES RIDGE CA US,20040301,0,4761,0,1,0,27,8,0,0,102,354,167,-139,97,-38,29
GHCND:USS0019L13S,VIRGINIA LAKES RIDGE CA US,20040401,0,6918,0,3,2,28,5,0,0,28,154,161,-994,15,-110,-48
GHCND:USS0019L13S,VIRGINIA LAKES RIDGE CA US,20040501,0,3788,0,0,0,20,2,0,0,25,50,200,-78,131,-10,61
GHCND:USS0019L13S,VIRGINIA LAKES RIDGE CA US,20040601,0,1959,0,0,0,4,0,0,0,0,0,233,-50,194,42,118
GHCND:USS0019L13S,VIRGINIA LAKES RIDGE CA US,20040701,4,835,0,0,0,0,5,0,0,79,179,267,39,232,81,156
GHCND:USS0019L13S,VIRGINIA LAKES RIDGE CA US,20040801,12,1426,0,0,0,1,6,0,0,76,227,283,-11,214,61,137
GHCND:USS0019L13S,VIRGINIA LAKES RIDGE CA US,20040901,0,2433,0,0,0,5,6,0,0,25,150,228,-83,173,31,102
GHCND:USS0019L13S,VIRGINIA LAKES RIDGE CA US,20041001,0,4836,0,4,0,19,9,3,2,457,988,206,-128,86,-32,27
GHCND:USS0019L13S,VIRGINIA LAKES RIDGE CA US,20041101,0,6241,0,6,2,30,9,4,1,381,1114,117,-200,28,-78,-25
GHCND:USS0019L13S,VIRGINIA LAKES RIDGE CA US,20041201,0,6159,0,13,1,27,8,3,3,457,1323,128,-178,25,-69,-22
GHCND:USS0019L13S,VIRGINIA LAKES RIDGE CA US,20050101,0,6759,0,15,0,30,13,5,5,460,2107,150,-167,17,-87,-35
GHCND:USS0019L13S,VIRGINIA LAKES RIDGE CA US,20050201,0,3766,0,5,0,18,7,1,0,229,405,78,-133,26,-79,-26
GHCND:USS0019L13S,VIRGINIA LAKES RIDGE CA US,20060201,0,941,0,0,0,5,-9999,-9999,-9999,-9999,-9999,61,-100,40,-50,-5
GHCND:USS0019L13S,VIRGINIA LAKES RIDGE CA US,20060301,0,3261,0,6,0,15,0,0,0,23,23,89,-144,24,-93,-34
GHCND:USS0019L13S,VIRGINIA LAKES RIDGE CA US,20060401,0,5157,0,4,0,26,-9999,-9999,-9999,-9999,-9999,150,-122,63,-40,11
GHCND:USS0019L13S,VIRGINIA LAKES RIDGE CA US,20060501,0,3636,0,0,0,15,5,0,0,25,125,167,-72,121,10,66
GHCND:USS0019L13S,VIRGINIA LAKES RIDGE CA US,20060601,1,1855,0,0,0,2,2,0,0,51,76,250,-11,180,63,121
GHCND:USS0019L13S,VIRGINIA LAKES RIDGE CA US,20060701,12,849,0,0,0,0,5,2,1,381,711,256,50,214,98,156
GHCND:USS0019L13S,VIRGINIA LAKES RIDGE CA US,20060801,0,1411,0,0,0,0,0,0,0,0,0,222,33,200,74,137
GHCND:USS0019L13S,VIRGINIA LAKES RIDGE CA US,20060901,0,2366,0,0,0,6,0,0,0,0,0,222,-61,162,46,104
GHCND:USS0019L13S,VIRGINIA LAKES RIDGE CA US,20061001,0,4272,0,0,0,16,5,1,1,279,431,139,-67,92,-2,45
GHCND:USS0019L13S,VIRGINIA LAKES RIDGE CA US,20061101,0,4872,0,3,0,19,6,0,0,76,201,161,-156,63,-21,21
GHCND:USS0019L13S,VIRGINIA LAKES RIDGE CA US,20061201,0,5990,0,8,2,27,7,1,0,152,456,94,-178,35,-56,-10
GHCND:USS0019L13S,VIRGINIA LAKES RIDGE CA US,20070101,0,6936,0,13,3,31,3,0,0,51,101,89,-239,5,-87,-41
GHCND:USS0019L13S,VIRGINIA LAKES RIDGE CA US,20070201,0,5627,0,11,0,27,12,5,1,254,1167,106,-144,21,-57,-18
GHCND:USS0019L13S,VIRGINIA LAKES RIDGE CA US,20070301,0,5031,0,4,0,23,7,1,0,127,328,144,-144,74,-32,21
GHCND:USS0019L13S,VIRGINIA LAKES RIDGE CA US,20070401,0,4673,0,5,0,16,4,1,0,127,279,161,-117,78,-23,27
GHCND:USS0019L13S,VIRGINIA LAKES RIDGE CA US,20070501,0,3270,0,0,0,10,4,0,0,51,126,194,-67,139,17,78
GHCND:USS0019L13S,VIRGINIA LAKES RIDGE CA US,20070601,0,2931,0,1,1,5,3,0,0,76,178,233,-994,145,19,82
GHCND:USS0019L13S,VIRGINIA LAKES RIDGE CA US,20070701,53,416,0,0,0,0,-9999,-9999,-9999,-9999,-9999,278,61,237,105,171
GHCND:USS0019L13S,VIRGINIA LAKES RIDGE CA US,20070801,0,918,0,0,0,0,3,1,0,127,177,250,61,214,93,153
GHCND:USS0019L13S,VIRGINIA LAKES RIDGE CA US,20070901,0,2793,0,0,0,8,5,0,0,102,253,222,-56,144,36,90
GHCND:USS0019L13S,VIRGINIA LAKES RIDGE CA US,20071001,0,4145,0,1,0,18,10,0,0,102,404,189,-83,101,-2,49
GHCND:USS0019L13S,VIRGINIA LAKES RIDGE CA US,20071101,0,4491,0,1,0,17,1,0,0,25,25,122,-111,79,-13,33
GHCND:USS0019L13S,VIRGINIA LAKES RIDGE CA US,20071201,0,6662,0,12,2,28,3,2,0,178,404,117,-189,14,-77,-32
GHCND:USS0019L13S,VIRGINIA LAKES RIDGE CA US,20080101,0,7073,0,18,0,31,9,4,2,864,2060,78,-156,-7,-83,-45
GHCND:USS0019L13S,VIRGINIA LAKES RIDGE CA US,20080201,0,5807,0,8,0,29,7,0,0,48,201,117,-161,31,-65,-17
GHCND:USS0019L13S,VIRGINIA LAKES RIDGE CA US,20080301,0,5871,0,4,0,31,7,0,0,102,329,100,-139,47,-60,-6
GHCND:USS0019L13S,VIRGINIA LAKES RIDGE CA US,20080401,0,4988,0,0,0,26,1,0,0,25,25,144,-100,70,-36,17
GHCND:USS0019L13S,VIRGINIA LAKES RIDGE CA US,20080501,0,4142,0,0,0,20,6,2,0,178,585,200,-83,102,-3,49
GHCND:USS0019L13S,VIRGINIA LAKES RIDGE CA US,20080601,0,2123,0,0,0,5,0,0,0,0,0,211,-28,174,50,112
GHCND:USS0019L13S,VIRGINIA LAKES RIDGE CA US,20080701,0,681,0,0,0,0,0,0,0,0,0,239,67,222,100,161
GHCND:USS0019L13S,VIRGINIA LAKES RIDGE CA US,20080801,13,805,0,0,0,0,0,0,0,0,0,256,56,219,96,157
GHCND:USS0019L13S,VIRGINIA LAKES RIDGE CA US,20080901,0,1965,0,0,0,2,0,0,0,0,0,217,-17,177,58,118
GHCND:USS0019L13S,VIRGINIA LAKES RIDGE CA US,20081001,0,3829,0,3,0,11,7,0,0,51,201,178,-133,110,9,59
GHCND:USS0019L13S,VIRGINIA LAKES RIDGE CA US,20081101,0,4690,0,4,0,19,7,2,1,305,762,122,-94,68,-14,27
GHCND:USS0019L13S,VIRGINIA LAKES RIDGE CA US,20081201,0,6305,0,12,0,28,10,1,1,279,787,128,-172,23,-64,-20
GHCND:USS0019L13S,VIRGINIA LAKES RIDGE CA US,20090101,0,5786,0,4,0,30,5,3,0,229,635,100,-167,39,-47,-4
GHCND:USS0019L13S,VIRGINIA LAKES RIDGE CA US,20090201,0,5973,0,12,0,28,12,3,0,229,940,89,-172,10,-70,-30
GHCND:USS0019L13S,VIRGINIA LAKES RIDGE CA US,20090301,0,6148,0,7,0,31,13,4,2,406,1496,106,-150,36,-66,-15
GHCND:USS0019L13S,VIRGINIA LAKES RIDGE CA US,20090401,0,5202,0,4,0,24,7,0,0,53,275,150,-150,65,-46,10
GHCND:USS0019L13S,VIRGINIA LAKES RIDGE CA US,20090501,0,3054,0,0,0,4,6,1,0,178,406,200,-6,138,31,84
GHCND:USS0019L13S,VIRGINIA LAKES RIDGE CA US,20090601,0,2964,0,0,0,7,0,0,0,0,0,228,-17,138,30,84
GHCND:USS0019L13S,VIRGINIA LAKES RIDGE CA US,20090701,10,823,0,0,0,0,0,0,0,0,0,250,56,217,97,157
GHCND:USS0019L13S,VIRGINIA LAKES RIDGE CA US,20090801,1,1471,0,0,0,1,1,0,0,25,25,250,0,196,75,136
GHCND:USS0019L13S,VIRGINIA LAKES RIDGE CA US,20090901,0,1766,0,0,0,2,1,0,0,25,25,228,-61,182,66,124
GHCND:USS0019L13S,VIRGINIA LAKES RIDGE CA US,20091001,0,4519,0,2,0,16,10,1,1,660,988,150,-117,87,-12,37
GHCND:USS0019L13S,VIRGINIA LAKES RIDGE CA US,20091101,0,4816,0,2,0,23,5,1,0,180,329,161,-94,67,-22,22
GHCND:USS0019L13S,VIRGINIA LAKES RIDGE CA US,20091201,0,6638,0,13,2,30,5,1,1,432,685,78,-200,13,-75,-31
GHCND:USS0019L13S,VIRGINIA LAKES RIDGE CA US,20100101,0,6241,0,9,0,31,8,4,1,356,1041,89,-139,22,-58,-18
GHCND:USS0019L13S,VIRGINIA LAKES RIDGE CA US,20100201,0,5770,0,9,0,28,9,3,2,457,1344,67,-156,17,-63,-23
GHCND:USS0019L13S,VIRGINIA LAKES RIDGE CA US,20100301,0,6152,0,9,0,30,6,1,0,203,328,128,-139,37,-68,-15
GHCND:USS0019L13S,VIRGINIA LAKES RIDGE CA US,20100401,0,5699,0,8,0,29,7,1,0,203,456,122,-139,48,-62,-7
GHCND:USS0019L13S,VIRGINIA LAKES RIDGE CA US,20100501,0,5063,0,0,0,26,7,0,0,51,201,133,-106,73,-34,20
GHCND:USS0019L13S,VIRGINIA LAKES RIDGE CA US,20100601,0,2471,0,0,0,3,1,0,0,25,25,222,-11,154,48,101
GHCND:USS0019L13S,VIRGINIA LAKES RIDGE CA US,20100701,0,981,0,0,0,0,0,0,0,0,0,244,22,213,89,151
GHCND:USS0019L13S,VIRGINIA LAKES RIDGE CA US,20100801,0,2619,0,1,1,4,0,0,0,0,0,239,-994,159,38,99
GHCND:USS0019L13S,VIRGINIA LAKES RIDGE CA US,20100901,0,1845,0,0,0,3,-9999,-9999,-9999,-9999,-9999,228,-22,184,59,122
GHCND:USS0019L13S,VIRGINIA LAKES RIDGE CA US,20101001,0,4184,0,0,0,13,8,2,2,584,1269,189,-72,88,8,48
GHCND:USS0019L13S,VIRGINIA LAKES RIDGE CA US,20101101,0,5590,0,9,1,24,6,4,0,229,887,167,-178,43,-49,-3
GHCND:USS0019L13S,VIRGINIA LAKES RIDGE CA US,20101201,0,6109,0,11,1,25,9,6,3,610,1957,117,-178,20,-49,-14
GHCND:USS0019L13S,VIRGINIA LAKES RIDGE CA US,20110101,0,5710,0,6,0,29,3,1,0,152,202,100,-161,43,-46,-1
GHCND:USS0019L13S,VIRGINIA LAKES RIDGE CA US,20110201,0,6455,0,14,0,28,7,1,1,330,506,83,-172,2,-97,-48
GHCND:USS0019L13S,VIRGINIA LAKES RIDGE CA US,20110301,0,6118,0,12,0,30,4,2,0,180,434,144,-122,28,-57,-14
GHCND:USS0019L13S,VIRGINIA LAKES RIDGE CA US,20110401,0,5248,0,4,0,27,8,0,0,102,374,156,-161,60,-44,8
GHCND:USS0019L13S,VIRGINIA LAKES RIDGE CA US,20110501,0,4869,0,2,0,21,5,0,0,53,205,139,-111,80,-28,26
GHCND:USS0019L13S,VIRGINIA LAKES RIDGE CA US,20110601,0,3007,0,0,0,5,4,1,0,127,205,206,-56,141,24,83
GHCND:USS0019L13S,VIRGINIA LAKES RIDGE CA US,20110701,0,1297,0,0,0,0,2,0,0,76,127,233,33,200,82,141
GHCND:USS0019L13S,VIRGINIA LAKES RIDGE CA US,20110801,0,1017,0,0,0,0,1,0,0,25,25,239,67,213,88,150
GHCND:USS0019L13S,VIRGINIA LAKES RIDGE CA US,20110901,0,1870,0,0,0,0,3,0,0,28,127,200,28,175,67,121
GHCND:USS0019L13S,VIRGINIA LAKES RIDGE CA US,20111001,0,2406,0,0,0,5,3,1,0,203,279,172,-78,117,20,68
GHCND:USS0019L13S,VIRGINIA LAKES RIDGE CA US,20111101,0,4247,0,4,0,21,6,0,0,51,202,122,-128,51,-39,6
GHCND:USS0019L13S,VIRGINIA LAKES RIDGE CA US,20111201,0,6447,0,10,0,28,1,0,0,25,25,100,-161,22,-72,-25
GHCND:USS0019L13S,VIRGINIA LAKES RIDGE CA US,20120101,0,5440,0,4,0,28,4,3,1,328,666,106,-106,48,-33,8
GHCND:USS0019L13S,VIRGINIA LAKES RIDGE CA US,20120201,0,6077,0,10,0,28,4,1,0,152,253,94,-144,19,-72,-27
GHCND:USS0019L13S,VIRGINIA LAKES RIDGE CA US,20120301,0,5803,0,6,1,29,9,1,1,381,684,117,-178,46,-54,-4
GHCND:USS0019L13S,VIRGINIA LAKES RIDGE CA US,20120401,0,4604,0,3,0,20,7,0,0,102,329,161,-139,84,-25,30
GHCND:USS0019L13S,VIRGINIA LAKES RIDGE CA US,20120501,0,3416,0,0,0,13,3,0,0,25,75,211,-61,134,11,73
GHCND:USS0019L13S,VIRGINIA LAKES RIDGE CA US,20120601,0,2010,0,0,0,5,1,1,0,127,127,233,-56,182,50,116
GHCND:USS0019L13S,VIRGINIA LAKES RIDGE CA US,20120701,21,809,0,0,0,0,0,0,0,0,0,256,61,224,91,158
GHCND:USS0019L13S,VIRGINIA LAKES RIDGE CA US,20120801,19,832,0,0,0,0,6,0,0,76,279,256,56,218,95,157
GHCND:USS0019L13S,VIRGINIA LAKES RIDGE CA US,20120901,0,1668,0,0,0,0,1,0,0,25,25,217,28,185,70,127
GHCND:USS0019L13S,VIRGINIA LAKES RIDGE CA US,20121001,0,3526,0,2,0,8,6,1,0,127,329,194,-61,119,19,69
GHCND:USS0019L13S,VIRGINIA LAKES RIDGE CA US,20121101,0,4841,0,3,0,22,9,2,1,508,1014,150,-144,63,-20,22
GHCND:USS0019L13S,VIRGINIA LAKES RIDGE CA US,20121201,0,5356,0,16,2,22,15,5,3,455,1828,50,-183,-19,-102,-60
GHCND:USS0019L13S,VIRGINIA LAKES RIDGE CA US,20130101,0,6490,0,9,3,31,9,0,0,76,327,89,-200,20,-73,-26
GHCND:USS0019L13S,VIRGINIA LAKES RIDGE CA US,20130201,0,6021,0,9,0,28,4,0,0,25,100,67,-156,17,-81,-32
GHCND:USS0019L13S,VIRGINIA LAKES RIDGE CA US,20130301,0,5112,0,4,0,28,7,0,0,102,329,139,-94,66,-29,18
GHCND:USS0019L13S,VIRGINIA LAKES RIDGE CA US,20130401,0,4626,0,3,0,24,1,0,0,25,25,161,-111,86,-29,29
GHCND:USS0019L13S,VIRGINIA LAKES RIDGE CA US,20130501,0,1502,0,0,0,7,3,0,0,28,124,172,-39,112,4,58
GHCND:USS0019L13S,VIRGINIA LAKES RIDGE CA US,20130601,27,1709,0,0,0,3,0,0,0,0,0,267,-6,190,64,127
GHCND:USS0019L13S,VIRGINIA LAKES RIDGE CA US,20130701,83,758,0,0,0,0,8,1,0,201,468,278,67,221,101,161
GHCND:USS0019L13S,VIRGINIA LAKES RIDGE CA US,20130801,0,1277,0,0,0,0,4,0,0,51,152,233,50,202,81,142
GHCND:USS0019L13S,VIRGINIA LAKES RIDGE CA US,20130901,0,2441,0,0,0,6,2,0,0,53,170,217,-61,157,47,102
GHCND:USS0019L13S,VIRGINIA LAKES RIDGE CA US,20131001,0,4368,0,1,0,18,5,0,0,25,125,189,-89,93,-9,42
GHCND:USS0019L13S,VIRGINIA LAKES RIDGE CA US,20131101,0,4862,0,4,0,20,3,0,0,51,101,128,-111,63,-21,21
GHCND:USS0019L13S,VIRGINIA LAKES RIDGE CA US,20131201,0,6026,0,7,4,26,13,0,0,76,505,117,-189,34,-57,-11
GHCND:USS0019L13S,VIRGINIA LAKES RIDGE CA US,20140101,0,4930,0,1,0,28,7,1,0,203,404,89,-67,59,-22,19
GHCND:USS0019L13S,VIRGINIA LAKES RIDGE CA US,20140201,0,3900,0,3,0,20,9,3,1,457,1142,83,-61,50,-23,13
GHCND:USS0019L13S,VIRGINIA LAKES RIDGE CA US,20140301,0,4840,0,2,0,27,7,0,0,53,255,122,-100,57,-50,4
GHCND:USS0019L13S,VIRGINIA LAKES RIDGE CA US,20140401,0,4564,0,2,0,18,8,0,0,51,278,139,-100,87,-26,31
GHCND:USS0019L13S,VIRGINIA LAKES RIDGE CA US,20140501,0,3688,0,0,0,14,6,0,0,102,406,183,-83,119,9,64
GHCND:USS0019L13S,VIRGINIA LAKES RIDGE CA US,20140601,0,1892,0,0,0,3,6,0,0,102,253,256,-17,182,58,120
GHCND:USS0019L13S,VIRGINIA LAKES RIDGE CA US,20140701,15,757,0,0,0,0,10,0,0,76,482,267,67,221,98,159
GHCND:USS0019L13S,VIRGINIA LAKES RIDGE CA US,20140801,0,1470,0,0,0,0,7,1,0,127,428,228,44,187,77,132
GHCND:USS0019L13S,VIRGINIA LAKES RIDGE CA US,20140901,0,1989,0,0,0,3,3,0,0,51,173,228,-17,173,60,117
GHCND:USS0019L13S,VIRGINIA LAKES RIDGE CA US,20141001,0,3629,0,17,0,1,3,0,0,25,75,194,-17,70,61,66
GHCND:USS0019L13S,VIRGINIA LAKES RIDGE CA US,20141101,0,4873,0,11,0,13,6,0,0,102,278,128,-106,38,3,21
GHCND:USS0019L13S,VIRGINIA LAKES RIDGE CA US,20141201,0,6167,0,8,2,27,8,0,0,102,432,94,-194,25,-57,-16
GHCND:USS0019L13S,VIRGINIA LAKES RIDGE CA US,20150101,0,5252,0,3,0,26,4,0,0,25,100,100,-106,53,-26,14
GHCND:USS0019L13S,VIRGINIA LAKES RIDGE CA US,20150201,0,4539,0,3,0,21,9,3,0,231,760,133,-122,67,-25,21
GHCND:USS0019L13S,VIRGINIA LAKES RIDGE CA US,20150301,0,4674,0,3,0,22,5,0,0,102,202,144,-106,82,-18,32
GHCND:USS0019L13S,VIRGINIA LAKES RIDGE CA US,20150401,0,5732,0,2,1,22,3,0,0,48,98,150,-994,47,-63,-8
GHCND:USS0019L13S,VIRGINIA LAKES RIDGE CA US,20150501,0,4043,0,2,0,16,12,2,2,356,1193,194,-44,100,5,53
GHCND:USS0019L13S,VIRGINIA LAKES RIDGE CA US,20150601,0,1580,0,0,0,0,5,0,0,76,202,239,6,186,74,130
